Algorithm,Accuracy,Precision,Recall,F1 Score
Decision Tree,0.9465,0.9475758946424985,0.9465,0.9468486817924183
Random Forest,0.991,0.9909253223715044,0.991,0.9909527207322665
DNN,0.96475,0.9657330027213352,0.96475,0.9644568205632004
